appid,name,owners
10,Counter-Strike,"10,000,000 .. 20,000,000"
20,Team Fortress Classic,"5,000,000 .. 10,000,000"
40,Deathmatch Classic,"5,000,000 .. 10,000,000"
50,Half-Life: Opposing Force,"2,000,000 .. 5,000,000"
60,Ricochet,"5,000,000 .. 10,000,000"
70,Half-Life,"10,000,000 .. 20,000,000"
80,Counter-Strike: Condition Zero,"2,000,000 .. 5,000,000"
130,Half-Life: Blue Shift,"1,000,000 .. 2,000,000"
220,Half-Life 2,"10,000,000 .. 20,000,000"
240,Counter-Strike: Source,"10,000,000 .. 20,000,000"
280,Half-Life: Source,"2,000,000 .. 5,000,000"
300,Day of Defeat: Source,"5,000,000 .. 10,000,000"
320,Half-Life 2: Deathmatch,"10,000,000 .. 20,000,000"
340,Half-Life 2: Lost Coast,"20,000,000 .. 50,000,000"
360,Half-Life Deathmatch: Source,"5,000,000 .. 10,000,000"
380,Half-Life 2: Episode One,"5,000,000 .. 10,000,000"
400,Portal,"10,000,000 .. 20,000,000"
420,Half-Life 2: Episode Two,"5,000,000 .. 10,000,000"
440,Team Fortress 2,"50,000,000 .. 100,000,000"
500,Left 4 Dead,"5,000,000 .. 10,000,000"
550,Left 4 Dead 2,"50,000,000 .. 100,000,000"
570,Dota 2,"200,000,000 .. 500,000,000"
620,Portal 2,"10,000,000 .. 20,000,000"
630,Alien Swarm,"2,000,000 .. 5,000,000"
730,Counter-Strike: Global Offensive,"100,000,000 .. 200,000,000"
1250,Killing Floor,"2,000,000 .. 5,000,000"
1840,Source Filmmaker,"2,000,000 .. 5,000,000"
2100,Dark Messiah of Might & Magic,"1,000,000 .. 2,000,000"
2280,DOOM + DOOM II,"1,000,000 .. 2,000,000"
2310,Quake,"2,000,000 .. 5,000,000"
2630,Call of Duty 2,"5,000,000 .. 10,000,000"
3590,Plants vs. Zombies GOTY Edition,"2,000,000 .. 5,000,000"
3830,Psychonauts,"2,000,000 .. 5,000,000"
3910,Sid Meier's Civilization III Complete,"1,000,000 .. 2,000,000"
4000,Garry's Mod,"20,000,000 .. 50,000,000"
4500,S.T.A.L.K.E.R.: Shadow of Chernobyl,"1,000,000 .. 2,000,000"
4560,Company of Heroes - Legacy Edition,"2,000,000 .. 5,000,000"
4570,"Warhammer 40,000: Dawn of War - Anniversary Edition","1,000,000 .. 2,000,000"
4580,"Warhammer 40,000: Dawn of War - Dark Crusade","1,000,000 .. 2,000,000"
4700,Total War: MEDIEVAL II – Definitive Edition,"1,000,000 .. 2,000,000"
4760,Rome: Total War - Collection,"1,000,000 .. 2,000,000"
4920,Natural Selection 2,"1,000,000 .. 2,000,000"
6000,STAR WARS Republic Commando,"1,000,000 .. 2,000,000"
6020,STAR WARS Jedi Knight - Jedi Academy,"1,000,000 .. 2,000,000"
6060,"STAR WARS Battlefront II (Classic, 2005)","5,000,000 .. 10,000,000"
6850,Hitman 2: Silent Assassin,"1,000,000 .. 2,000,000"
6860,Hitman: Blood Money,"1,000,000 .. 2,000,000"
6880,Just Cause,"1,000,000 .. 2,000,000"
6900,Hitman: Codename 47,"1,000,000 .. 2,000,000"
6910,Deus Ex: Game of the Year Edition,"1,000,000 .. 2,000,000"
7670,BioShock,"2,000,000 .. 5,000,000"
7760,X-COM: UFO Defense,"1,000,000 .. 2,000,000"
7940,Call of Duty 4: Modern Warfare (2007),"2,000,000 .. 5,000,000"
8190,Just Cause 2,"2,000,000 .. 5,000,000"
8500,EVE Online,"2,000,000 .. 5,000,000"
8850,BioShock 2,"2,000,000 .. 5,000,000"
8870,BioShock Infinite,"5,000,000 .. 10,000,000"
8930,Sid Meier's Civilization V,"10,000,000 .. 20,000,000"
8980,Borderlands Game of the Year,"2,000,000 .. 5,000,000"
9010,Return to Castle Wolfenstein,"1,000,000 .. 2,000,000"
9340,Company of Heroes: Opposing Fronts,"1,000,000 .. 2,000,000"
9480,Saints Row 2,"2,000,000 .. 5,000,000"
9900,Star Trek Online,"2,000,000 .. 5,000,000"
10090,Call of Duty: World at War,"2,000,000 .. 5,000,000"
10180,Call of Duty: Modern Warfare 2 (2009),"5,000,000 .. 10,000,000"
10500,Total War: EMPIRE – Definitive Edition,"1,000,000 .. 2,000,000"
10680,Aliens vs. Predator,"1,000,000 .. 2,000,000"
11020,TrackMania Nations Forever,"2,000,000 .. 5,000,000"
12100,Grand Theft Auto III,"2,000,000 .. 5,000,000"
12110,Grand Theft Auto: Vice City,"2,000,000 .. 5,000,000"
12120,Grand Theft Auto: San Andreas,"2,000,000 .. 5,000,000"
12200,Bully: Scholarship Edition,"2,000,000 .. 5,000,000"
12210,Grand Theft Auto IV: The Complete Edition,"5,000,000 .. 10,000,000"
12220,Grand Theft Auto: Episodes from Liberty City,"2,000,000 .. 5,000,000"
13520,Far Cry,"2,000,000 .. 5,000,000"
15100,Assassin's Creed: Director's Cut Edition,"1,000,000 .. 2,000,000"
15620,"Warhammer 40,000: Dawn of War II - Anniversary Edition","2,000,000 .. 5,000,000"
15700,Oddworld: Abe's Oddysee,"5,000,000 .. 10,000,000"
17080,Tribes: Ascend,"1,000,000 .. 2,000,000"
17300,Crysis,"1,000,000 .. 2,000,000"
17330,Crysis Warhead,"1,000,000 .. 2,000,000"
17390,SPORE,"2,000,000 .. 5,000,000"
17410,Mirror's Edge,"2,000,000 .. 5,000,000"
17460,Mass Effect (2007),"1,000,000 .. 2,000,000"
17470,Dead Space (2008),"2,000,000 .. 5,000,000"
17480,Command & Conquer: Red Alert 3,"1,000,000 .. 2,000,000"
19680,Alice: Madness Returns,"2,000,000 .. 5,000,000"
19900,Far Cry 2,"1,000,000 .. 2,000,000"
20510,S.T.A.L.K.E.R.: Clear Sky,"1,000,000 .. 2,000,000"
20570,"Warhammer 40,000: Dawn of War II Chaos Rising","1,000,000 .. 2,000,000"
20900,The Witcher: Enhanced Edition Director's Cut,"2,000,000 .. 5,000,000"
20920,The Witcher 2: Assassins of Kings Enhanced Edition,"2,000,000 .. 5,000,000"
21690,Resident Evil 5,"2,000,000 .. 5,000,000"
22320,The Elder Scrolls III: Morrowind Game of the Year Edition,"1,000,000 .. 2,000,000"
22330,The Elder Scrolls IV: Oblivion Game of the Year Edition,"1,000,000 .. 2,000,000"
22350,BRINK,"1,000,000 .. 2,000,000"
22370,Fallout 3: Game of the Year Edition,"2,000,000 .. 5,000,000"
22380,Fallout: New Vegas,"5,000,000 .. 10,000,000"
24010,Train Simulator Classic 2024,"1,000,000 .. 2,000,000"
24200,DC Universe Online,"1,000,000 .. 2,000,000"
24240,PAYDAY The Heist,"2,000,000 .. 5,000,000"
24740,Burnout Paradise: The Ultimate Box,"1,000,000 .. 2,000,000"
24780,SimCity 4 Deluxe Edition,"1,000,000 .. 2,000,000"
24960,Battlefield: Bad Company 2,"2,000,000 .. 5,000,000"
24980,Mass Effect 2 (2010 Edition),"1,000,000 .. 2,000,000"
26800,Braid,"1,000,000 .. 2,000,000"
32370,STAR WARS Knights of the Old Republic,"1,000,000 .. 2,000,000"
32430,STAR WARS - The Force Unleashed Ultimate Sith Edition,"1,000,000 .. 2,000,000"
32470,STAR WARS Empire at War - Gold Pack,"1,000,000 .. 2,000,000"
33230,Assassin's Creed 2,"2,000,000 .. 5,000,000"
33900,Arma 2,"2,000,000 .. 5,000,000"
33930,Arma 2: Operation Arrowhead,"2,000,000 .. 5,000,000"
34030,Total War: NAPOLEON – Definitive Edition,"1,000,000 .. 2,000,000"
34270,SEGA Mega Drive and Genesis Classics,"1,000,000 .. 2,000,000"
34870,Sniper: Ghost Warrior 2,"1,000,000 .. 2,000,000"
35140,Batman: Arkham Asylum Game of the Year Edition,"2,000,000 .. 5,000,000"
35450,Red Orchestra 2: Heroes of Stalingrad with Rising Storm,"2,000,000 .. 5,000,000"
35700,Trine Enchanted Edition,"2,000,000 .. 5,000,000"
35720,Trine 2: Complete Story,"2,000,000 .. 5,000,000"
38400,Fallout: A Post Nuclear Role Playing Game,"2,000,000 .. 5,000,000"
38420,Fallout Tactics: Brotherhood of Steel,"1,000,000 .. 2,000,000"
39120,RIFT,"2,000,000 .. 5,000,000"
39140,FINAL FANTASY VII,"1,000,000 .. 2,000,000"
39210,FINAL FANTASY XIV Online,"2,000,000 .. 5,000,000"
39500,Gothic 3,"1,000,000 .. 2,000,000"
40100,Supreme Commander 2,"1,000,000 .. 2,000,000"
40800,Super Meat Boy,"2,000,000 .. 5,000,000"
40990,Mafia,"2,000,000 .. 5,000,000"
41000,Serious Sam HD: The First Encounter,"1,000,000 .. 2,000,000"
41070,Serious Sam 3: BFE,"2,000,000 .. 5,000,000"
41500,Torchlight,"1,000,000 .. 2,000,000"
41700,S.T.A.L.K.E.R.: Call of Pripyat,"2,000,000 .. 5,000,000"
42700,Call of Duty: Black Ops,"2,000,000 .. 5,000,000"
42910,Magicka,"2,000,000 .. 5,000,000"
47780,Dead Space 2,"2,000,000 .. 5,000,000"
47790,Medal of Honor,"1,000,000 .. 2,000,000"
47810,Dragon Age: Origins - Ultimate Edition,"1,000,000 .. 2,000,000"
47870,Need For Speed: Hot Pursuit,"2,000,000 .. 5,000,000"
47890,The Sims 3,"2,000,000 .. 5,000,000"
48000,LIMBO,"2,000,000 .. 5,000,000"
48190,Assassin’s Creed Brotherhood,"1,000,000 .. 2,000,000"
48700,Mount & Blade: Warband,"5,000,000 .. 10,000,000"
49520,Borderlands 2,"10,000,000 .. 20,000,000"
50130,Mafia II (Classic),"2,000,000 .. 5,000,000"
50300,Spec Ops: The Line,"2,000,000 .. 5,000,000"
50620,Darksiders,"2,000,000 .. 5,000,000"
55100,Homefront,"2,000,000 .. 5,000,000"
55110,Red Faction: Armageddon,"1,000,000 .. 2,000,000"
55150,"Warhammer 40,000: Space Marine - Anniversary Edition","2,000,000 .. 5,000,000"
55230,Saints Row: The Third,"2,000,000 .. 5,000,000"
56437,"Warhammer 40,000: Dawn of War II: Retribution","1,000,000 .. 2,000,000"
57690,Tropico 4,"1,000,000 .. 2,000,000"
63380,Sniper Elite V2,"1,000,000 .. 2,000,000"
65790,ARMA: Cold War Assault,"1,000,000 .. 2,000,000"
65800,Dungeon Defenders,"2,000,000 .. 5,000,000"
65930,The Bureau: XCOM Declassified,"2,000,000 .. 5,000,000"
65980,Sid Meier's Civilization: Beyond Earth,"1,000,000 .. 2,000,000"
67370,The Darkness II,"1,000,000 .. 2,000,000"
70000,Dino D-Day,"1,000,000 .. 2,000,000"
72850,The Elder Scrolls V: Skyrim,"5,000,000 .. 10,000,000"
96000,The Tiny Bang Story,"5,000,000 .. 10,000,000"
96100,Defy Gravity Extended,"1,000,000 .. 2,000,000"
99900,Spiral Knights,"2,000,000 .. 5,000,000"
102500,Kingdoms of Amalur: Reckoning,"1,000,000 .. 2,000,000"
102600,Orcs Must Die!,"1,000,000 .. 2,000,000"
104900,ORION: Prelude,"2,000,000 .. 5,000,000"
105450,Age of Empires III (2007),"2,000,000 .. 5,000,000"
105600,Terraria,"20,000,000 .. 50,000,000"
107100,Bastion,"2,000,000 .. 5,000,000"
107410,Arma 3,"10,000,000 .. 20,000,000"
108600,Project Zomboid,"10,000,000 .. 20,000,000"
108710,Alan Wake,"1,000,000 .. 2,000,000"
108800,Crysis 2 - Maximum Edition,"1,000,000 .. 2,000,000"
109600,Neverwinter,"5,000,000 .. 10,000,000"
110800,L.A. Noire,"1,000,000 .. 2,000,000"
113020,Monaco: What's Yours Is Mine,"2,000,000 .. 5,000,000"
113200,The Binding of Isaac,"2,000,000 .. 5,000,000"
113400,APB Reloaded,"5,000,000 .. 10,000,000"
113420,Fallen Earth Free2Play,"1,000,000 .. 2,000,000"
115300,Call of Duty: Modern Warfare 3 (2011),"2,000,000 .. 5,000,000"
200210,Realm of the Mad God Exalt,"2,000,000 .. 5,000,000"
200260,Batman: Arkham City - Game of the Year Edition,"2,000,000 .. 5,000,000"
200510,XCOM: Enemy Unknown,"2,000,000 .. 5,000,000"
200710,Torchlight II,"2,000,000 .. 5,000,000"
201270,Total War: SHOGUN 2,"2,000,000 .. 5,000,000"
201790,Orcs Must Die! 2,"2,000,000 .. 5,000,000"
201810,Wolfenstein: The New Order,"2,000,000 .. 5,000,000"
202170,Sleeping Dogs,"2,000,000 .. 5,000,000"
202750,Alan Wake's American Nightmare,"1,000,000 .. 2,000,000"
202970,Call of Duty: Black Ops II,"2,000,000 .. 5,000,000"
203140,Hitman: Absolution,"2,000,000 .. 5,000,000"
203160,Tomb Raider,"5,000,000 .. 10,000,000"
203290,America's Army: Proving Grounds,"2,000,000 .. 5,000,000"
203770,Crusader Kings II,"2,000,000 .. 5,000,000"
204100,Max Payne 3,"2,000,000 .. 5,000,000"
204300,Awesomenauts - the 2D moba,"2,000,000 .. 5,000,000"
204340,Serious Sam 2,"2,000,000 .. 5,000,000"
204360,Castle Crashers,"5,000,000 .. 10,000,000"
204450,Call of Juarez: Gunslinger,"2,000,000 .. 5,000,000"
204880,Sins of a Solar Empire: Rebellion,"2,000,000 .. 5,000,000"
205100,Dishonored,"2,000,000 .. 5,000,000"
206210,Gotham City Impostors Free to Play,"2,000,000 .. 5,000,000"
206420,Saints Row IV: Re-Elected,"5,000,000 .. 10,000,000"
206440,To the Moon,"2,000,000 .. 5,000,000"
206480,Dungeons & Dragons Online,"1,000,000 .. 2,000,000"
206500,AirMech Strike,"1,000,000 .. 2,000,000"
207140,SpeedRunners,"2,000,000 .. 5,000,000"
207230,ArcheBlade,"1,000,000 .. 2,000,000"
207610,The Walking Dead,"2,000,000 .. 5,000,000"
208090,Loadout,"5,000,000 .. 10,000,000"
208140,ENDLESS Space - Definitive Edition,"1,000,000 .. 2,000,000"
208580,STAR WARS Knights of the Old Republic II - The Sith Lords,"1,000,000 .. 2,000,000"
208650,Batman: Arkham Knight,"2,000,000 .. 5,000,000"
209000,Batman: Arkham Origins,"2,000,000 .. 5,000,000"
209080,Guns of Icarus Online,"2,000,000 .. 5,000,000"
209160,Call of Duty: Ghosts,"1,000,000 .. 2,000,000"
209670,Cortex Command,"1,000,000 .. 2,000,000"
209870,Blacklight: Retribution,"2,000,000 .. 5,000,000"
210770,Sanctum 2,"2,000,000 .. 5,000,000"
211420,DARK SOULS: Prepare To Die Edition,"2,000,000 .. 5,000,000"
211500,RaceRoom Racing Experience,"2,000,000 .. 5,000,000"
211820,Starbound,"2,000,000 .. 5,000,000"
212070,Star Conflict,"2,000,000 .. 5,000,000"
212500,The Lord of the Rings Online,"2,000,000 .. 5,000,000"
212680,FTL: Faster Than Light,"2,000,000 .. 5,000,000"
213670,South Park: The Stick of Truth,"2,000,000 .. 5,000,000"
214420,Gear Up,"1,000,000 .. 2,000,000"
214490,Alien: Isolation,"2,000,000 .. 5,000,000"
214560,Mark of the Ninja,"1,000,000 .. 2,000,000"
214950,Total War: ROME II - Emperor Edition,"2,000,000 .. 5,000,000"
215080,WAKFU,"1,000,000 .. 2,000,000"
215280,Secret World Legends,"1,000,000 .. 2,000,000"
216150,MapleStory,"2,000,000 .. 5,000,000"
218230,PlanetSide 2,"5,000,000 .. 10,000,000"
218620,PAYDAY 2,"20,000,000 .. 50,000,000"
218680,Scribblenauts Unlimited,"1,000,000 .. 2,000,000"
219150,Hotline Miami,"2,000,000 .. 5,000,000"
219640,Chivalry: Medieval Warfare,"5,000,000 .. 10,000,000"
219740,Don't Starve,"2,000,000 .. 5,000,000"
219990,Grim Dawn,"10,000,000 .. 20,000,000"
220200,Kerbal Space Program,"2,000,000 .. 5,000,000"
220240,Far Cry 3,"2,000,000 .. 5,000,000"
220440,DmC: Devil May Cry,"1,000,000 .. 2,000,000"
221040,Resident Evil 6,"2,000,000 .. 5,000,000"
221100,DayZ,"5,000,000 .. 10,000,000"
221380,Age of Empires II (Retired),"5,000,000 .. 10,000,000"
221910,The Stanley Parable,"2,000,000 .. 5,000,000"
222880,Insurgency,"2,000,000 .. 5,000,000"
223470,POSTAL 2,"5,000,000 .. 10,000,000"
223710,Cry of Fear,"5,000,000 .. 10,000,000"
223750,DCS World Steam Edition,"2,000,000 .. 5,000,000"
224260,No More Room in Hell,"5,000,000 .. 10,000,000"
224600,Defiance,"2,000,000 .. 5,000,000"
224760,FEZ,"1,000,000 .. 2,000,000"
225080,Brothers - A Tale of Two Sons,"1,000,000 .. 2,000,000"
225260,Brutal Legend,"2,000,000 .. 5,000,000"
225540,Just Cause 3,"2,000,000 .. 5,000,000"
225840,Sven Co-op,"5,000,000 .. 10,000,000"
226840,Age of Wonders III,"1,000,000 .. 2,000,000"
227300,Euro Truck Simulator 2,"10,000,000 .. 20,000,000"
227940,Heroes & Generals,"10,000,000 .. 20,000,000"
228200,Company of Heroes,"1,000,000 .. 2,000,000"
228280,Baldur's Gate: Enhanced Edition,"1,000,000 .. 2,000,000"
230230,Divinity: Original Sin (Classic),"1,000,000 .. 2,000,000"
230290,Universe Sandbox,"1,000,000 .. 2,000,000"
230410,Warframe,"20,000,000 .. 50,000,000"
231060,Ragnarok Online 2,"1,000,000 .. 2,000,000"
231430,Company of Heroes 2,"5,000,000 .. 10,000,000"
232050,Eador. Masters of the Broken World,"1,000,000 .. 2,000,000"
232090,Killing Floor 2,"2,000,000 .. 5,000,000"
232770,POSTAL,"2,000,000 .. 5,000,000"
232890,Stronghold Crusader 2,"1,000,000 .. 2,000,000"
233130,Shadow Warrior,"2,000,000 .. 5,000,000"
233450,Prison Architect,"5,000,000 .. 10,000,000"
233720,Surgeon Simulator,"1,000,000 .. 2,000,000"
233860,Kenshi,"2,000,000 .. 5,000,000"
234140,Mad Max,"2,000,000 .. 5,000,000"
234650,Shadowrun Returns,"2,000,000 .. 5,000,000"
235460,METAL GEAR RISING: REVENGEANCE,"2,000,000 .. 5,000,000"
235540,Warhammer: End Times - Vermintide,"1,000,000 .. 2,000,000"
235600,Tom Clancy’s Splinter Cell Blacklist,"1,000,000 .. 2,000,000"
236110,Dungeon Defenders II,"2,000,000 .. 5,000,000"
236390,War Thunder,"20,000,000 .. 50,000,000"
236850,Europa Universalis IV,"5,000,000 .. 10,000,000"
236870,HITMAN,"2,000,000 .. 5,000,000"
237110,Mortal Kombat Komplete Edition,"1,000,000 .. 2,000,000"
237310,Elsword,"1,000,000 .. 2,000,000"
237930,Transistor,"1,000,000 .. 2,000,000"
238010,Deus Ex: Human Revolution - Director's Cut,"2,000,000 .. 5,000,000"
238090,Sniper Elite 3,"2,000,000 .. 5,000,000"
238320,Outlast,"2,000,000 .. 5,000,000"
238370,Magicka 2,"2,000,000 .. 5,000,000"
238460,BattleBlock Theater,"5,000,000 .. 10,000,000"
238960,Path of Exile,"20,000,000 .. 50,000,000"
239030,"Papers, Please","2,000,000 .. 5,000,000"
239140,Dying Light,"10,000,000 .. 20,000,000"
239160,Thief,"1,000,000 .. 2,000,000"
239200,Amnesia: A Machine for Pigs,"1,000,000 .. 2,000,000"
239350,Spelunky,"1,000,000 .. 2,000,000"
239820,Game Dev Tycoon,"1,000,000 .. 2,000,000"
240320,Panzar,"1,000,000 .. 2,000,000"
240720,Getting Over It with Bennett Foddy,"2,000,000 .. 5,000,000"
241600,Rogue Legacy,"1,000,000 .. 2,000,000"
241930,Middle-earth: Shadow of Mordor,"5,000,000 .. 10,000,000"
242050,Assassin’s Creed IV Black Flag,"2,000,000 .. 5,000,000"
242640,Styx: Master of Shadows,"1,000,000 .. 2,000,000"
242700,Injustice: Gods Among Us Ultimate Edition,"2,000,000 .. 5,000,000"
242720,GunZ 2: The Second Duel,"2,000,000 .. 5,000,000"
242760,The Forest,"20,000,000 .. 50,000,000"
242860,Verdun,"1,000,000 .. 2,000,000"
242920,Banished,"2,000,000 .. 5,000,000"
243470,Watch_Dogs,"1,000,000 .. 2,000,000"
244210,Assetto Corsa,"5,000,000 .. 10,000,000"
244450,Men of War: Assault Squad 2,"2,000,000 .. 5,000,000"
244850,Space Engineers,"2,000,000 .. 5,000,000"
245170,Skullgirls 2nd Encore,"2,000,000 .. 5,000,000"
245620,Tropico 5,"1,000,000 .. 2,000,000"
246620,Plague Inc: Evolved,"1,000,000 .. 2,000,000"
246900,Viscera Cleanup Detail,"1,000,000 .. 2,000,000"
247080,Crypt of the NecroDancer,"2,000,000 .. 5,000,000"
248570,Toribash,"2,000,000 .. 5,000,000"
248820,Risk of Rain (2013),"1,000,000 .. 2,000,000"
249130,LEGO Marvel Super Heroes,"1,000,000 .. 2,000,000"
250400,How to Survive,"1,000,000 .. 2,000,000"
250900,The Binding of Isaac: Rebirth,"10,000,000 .. 20,000,000"
251060,Wargame: Red Dragon,"1,000,000 .. 2,000,000"
251570,7 Days to Die,"10,000,000 .. 20,000,000"
252130,Divide By Sheep,"2,000,000 .. 5,000,000"
252490,Rust,"50,000,000 .. 100,000,000"
252950,Rocket League,"10,000,000 .. 20,000,000"
253710,theHunter Classic,"5,000,000 .. 10,000,000"
253900,Knights and Merchants,"1,000,000 .. 2,000,000"
253980,Enclave,"1,000,000 .. 2,000,000"
254700,Resident Evil 4 (2005),"2,000,000 .. 5,000,000"
255710,Cities: Skylines,"10,000,000 .. 20,000,000"
257350,Baldur's Gate II: Enhanced Edition,"1,000,000 .. 2,000,000"
257510,The Talos Principle,"1,000,000 .. 2,000,000"
259080,Just Cause 2: Multiplayer Mod,"2,000,000 .. 5,000,000"
261030,The Walking Dead: Season Two,"1,000,000 .. 2,000,000"
261110,Killer is Dead - Nightmare Edition,"1,000,000 .. 2,000,000"
261550,Mount & Blade II: Bannerlord,"10,000,000 .. 20,000,000"
261570,Ori and the Blind Forest,"2,000,000 .. 5,000,000"
261640,Borderlands: The Pre-Sequel,"2,000,000 .. 5,000,000"
262060,Darkest Dungeon,"2,000,000 .. 5,000,000"
262280,Dungeons 2,"1,000,000 .. 2,000,000"
262410,World of Guns: Gun Disassembly,"2,000,000 .. 5,000,000"
263500,Dragons and Titans,"1,000,000 .. 2,000,000"
264710,Subnautica,"5,000,000 .. 10,000,000"
265210,Viscera Cleanup Detail: Santa's Rampage,"1,000,000 .. 2,000,000"
265550,Dead Rising 3 Apocalypse Edition,"1,000,000 .. 2,000,000"
265590,The Red Solstice,"2,000,000 .. 5,000,000"
265630,Fistful of Frags,"2,000,000 .. 5,000,000"
265930,Goat Simulator,"2,000,000 .. 5,000,000"
266840,Age of Mythology: Extended Edition,"2,000,000 .. 5,000,000"
268050,The Evil Within,"2,000,000 .. 5,000,000"
268420,Aura Kingdom,"2,000,000 .. 5,000,000"
268500,XCOM 2,"2,000,000 .. 5,000,000"
268910,Cuphead,"5,000,000 .. 10,000,000"
269210,Hero Siege,"2,000,000 .. 5,000,000"
270150,RUNNING WITH RIFLES,"1,000,000 .. 2,000,000"
270880,American Truck Simulator,"2,000,000 .. 5,000,000"
271590,Grand Theft Auto V,"50,000,000 .. 100,000,000"
272060,Serena,"10,000,000 .. 20,000,000"
273110,Counter-Strike Nexon: Studio,"5,000,000 .. 10,000,000"
273350,Evolve Stage 2,"5,000,000 .. 10,000,000"
274170,Hotline Miami 2: Wrong Number,"2,000,000 .. 5,000,000"
274190,Broforce,"2,000,000 .. 5,000,000"
274940,Depth,"1,000,000 .. 2,000,000"
275390,Guacamelee! Super Turbo Championship Edition,"5,000,000 .. 10,000,000"
275850,No Man's Sky,"5,000,000 .. 10,000,000"
278080,DYNASTY WARRIORS 8: Xtreme Legends Complete Edition,"1,000,000 .. 2,000,000"
278360,A Story About My Uncle,"5,000,000 .. 10,000,000"
279720,The I of the Dragon,"2,000,000 .. 5,000,000"
280790,Creativerse,"1,000,000 .. 2,000,000"
281990,Stellaris,"2,000,000 .. 5,000,000"
282070,This War of Mine,"2,000,000 .. 5,000,000"
282140,SOMA,"2,000,000 .. 5,000,000"
282440,Quake Live,"2,000,000 .. 5,000,000"
284160,BeamNG.drive,"5,000,000 .. 10,000,000"
285190,"Warhammer 40,000: Dawn of War III","1,000,000 .. 2,000,000"
285800,Braveland,"5,000,000 .. 10,000,000"
285900,Gang Beasts,"2,000,000 .. 5,000,000"
286160,Tabletop Simulator,"2,000,000 .. 5,000,000"
286570,F1 2015,"2,000,000 .. 5,000,000"
286690,Metro 2033 Redux,"2,000,000 .. 5,000,000"
286940,S.K.I.L.L. - Special Force 2 (Shooter),"2,000,000 .. 5,000,000"
287290,Resident Evil Revelations 2,"2,000,000 .. 5,000,000"
287390,Metro: Last Light Redux,"2,000,000 .. 5,000,000"
287450,Rise of Nations: Extended Edition,"1,000,000 .. 2,000,000"
287700,METAL GEAR SOLID V: THE PHANTOM PAIN,"2,000,000 .. 5,000,000"
289070,Sid Meier’s Civilization VI,"10,000,000 .. 20,000,000"
289130,ENDLESS Legend,"1,000,000 .. 2,000,000"
291480,Warface,"10,000,000 .. 20,000,000"
291550,Brawlhalla,"20,000,000 .. 50,000,000"
291650,Pillars of Eternity,"1,000,000 .. 2,000,000"
292030,The Witcher 3: Wild Hunt,"10,000,000 .. 20,000,000"
292730,Call of Duty: Infinite Warfare,"1,000,000 .. 2,000,000"
292910,Deponia: The Complete Journey,"1,000,000 .. 2,000,000"
293540,Guns and Robots,"1,000,000 .. 2,000,000"
294100,RimWorld,"5,000,000 .. 10,000,000"
295110,Just Survive,"2,000,000 .. 5,000,000"
297000,Heroes of Might & Magic III - HD Edition,"1,000,000 .. 2,000,000"
298110,Far Cry 4,"2,000,000 .. 5,000,000"
298240,War Trigger 3,"1,000,000 .. 2,000,000"
298630,The Escapists,"1,000,000 .. 2,000,000"
299360,Block N Load,"2,000,000 .. 5,000,000"
299460,Woodle Tree Adventures,"1,000,000 .. 2,000,000"
301520,Robocraft,"10,000,000 .. 20,000,000"
301640,Zombie Army Trilogy,"1,000,000 .. 2,000,000"
302510,Ryse: Son of Rome,"1,000,000 .. 2,000,000"
302670,Call to Arms,"1,000,000 .. 2,000,000"
302830,BLOCKADE 3D,"2,000,000 .. 5,000,000"
303390,Dead Bits,"2,000,000 .. 5,000,000"
304050,Trove,"10,000,000 .. 20,000,000"
304240,Resident Evil,"1,000,000 .. 2,000,000"
304390,FOR HONOR,"5,000,000 .. 10,000,000"
304430,INSIDE,"2,000,000 .. 5,000,000"
304670,Aeon Command,"1,000,000 .. 2,000,000"
304930,Unturned,"50,000,000 .. 100,000,000"
305620,The Long Dark,"2,000,000 .. 5,000,000"
306130,The Elder Scrolls Online,"5,000,000 .. 10,000,000"
307690,Sleeping Dogs: Definitive Edition,"2,000,000 .. 5,000,000"
307780,Mortal Kombat X,"2,000,000 .. 5,000,000"
308040,Back to Bed,"2,000,000 .. 5,000,000"
308600,Gene Shift Auto,"5,000,000 .. 10,000,000"
310560,DiRT Rally,"2,000,000 .. 5,000,000"
310950,Street Fighter V,"2,000,000 .. 5,000,000"
311210,Call of Duty: Black Ops III,"5,000,000 .. 10,000,000"
311340,METAL GEAR SOLID V: GROUND ZEROES,"1,000,000 .. 2,000,000"
311560,Assassin’s Creed Rogue,"1,000,000 .. 2,000,000"
311690,Enter the Gungeon,"2,000,000 .. 5,000,000"
311860,Data Hacker: Initiation,"1,000,000 .. 2,000,000"
312530,Duck Game,"2,000,000 .. 5,000,000"
312660,Sniper Elite 4,"2,000,000 .. 5,000,000"
312990,The Expendabros,"2,000,000 .. 5,000,000"
314160,Microsoft Flight Simulator X: Steam Edition,"2,000,000 .. 5,000,000"
316010,Magic Duels,"2,000,000 .. 5,000,000"
317360,Double Action: Boogaloo,"2,000,000 .. 5,000,000"
319510,Five Nights at Freddy's,"2,000,000 .. 5,000,000"
319630,Life is Strange - Episode 1,"5,000,000 .. 10,000,000"
319830,AX:EL - Air XenoDawn,"1,000,000 .. 2,000,000"
322170,Geometry Dash,"5,000,000 .. 10,000,000"
322330,Don't Starve Together,"10,000,000 .. 20,000,000"
322500,SUPERHOT,"1,000,000 .. 2,000,000"
323190,Frostpunk,"2,000,000 .. 5,000,000"
323470,DRAGON BALL XENOVERSE,"1,000,000 .. 2,000,000"
323580,Jotun: Valhalla Edition,"2,000,000 .. 5,000,000"
323850,Move or Die,"1,000,000 .. 2,000,000"
324800,Shadow Warrior 2,"1,000,000 .. 2,000,000"
325610,Total War: ATTILA,"2,000,000 .. 5,000,000"
327690,Gigantic,"1,000,000 .. 2,000,000"
330020,Children of Morta,"2,000,000 .. 5,000,000"
331470,Everlasting Summer,"2,000,000 .. 5,000,000"
332070,School of Dragons,"1,000,000 .. 2,000,000"
332950,Dark Deception,"1,000,000 .. 2,000,000"
333930,Dirty Bomb,"5,000,000 .. 10,000,000"
334230,Town of Salem,"1,000,000 .. 2,000,000"
335240,Transformice,"2,000,000 .. 5,000,000"
335300,DARK SOULS II: Scholar of the First Sin,"2,000,000 .. 5,000,000"
337000,Deus Ex: Mankind Divided,"2,000,000 .. 5,000,000"
337320,Paint the Town Red,"1,000,000 .. 2,000,000"
339280,Strife,"1,000,000 .. 2,000,000"
339610,Freestyle 2: Street Basketball,"2,000,000 .. 5,000,000"
341800,Keep Talking and Nobody Explodes,"1,000,000 .. 2,000,000"
342200,MechWarrior Online Solaris 7,"2,000,000 .. 5,000,000"
343710,Kholat,"2,000,000 .. 5,000,000"
346010,Besiege,"2,000,000 .. 5,000,000"
346110,ARK: Survival Evolved,"20,000,000 .. 50,000,000"
346330,BrainBread 2,"1,000,000 .. 2,000,000"
346900,AdVenture Capitalist,"5,000,000 .. 10,000,000"
349040,NARUTO SHIPPUDEN: Ultimate Ninja STORM 4,"2,000,000 .. 5,000,000"
349700,Romero's Aftermath,"1,000,000 .. 2,000,000"
350640,Sherlock Holmes: The Devil's Daughter,"1,000,000 .. 2,000,000"
351940,The Descendant,"2,000,000 .. 5,000,000"
355180,Codename CURE,"1,000,000 .. 2,000,000"
355840,Survarium,"2,000,000 .. 5,000,000"
356190,Middle-earth: Shadow of War,"2,000,000 .. 5,000,000"
359320,Elite Dangerous,"2,000,000 .. 5,000,000"
359550,Tom Clancy's Rainbow Six Siege,"20,000,000 .. 50,000,000"
360970,Heaven Forest NIGHTS,"1,000,000 .. 2,000,000"
361420,ASTRONEER,"2,000,000 .. 5,000,000"
362890,Black Mesa,"2,000,000 .. 5,000,000"
363970,Clicker Heroes,"5,000,000 .. 10,000,000"
364360,Total War: WARHAMMER,"2,000,000 .. 5,000,000"
364470,The Elder Scrolls: Legends,"1,000,000 .. 2,000,000"
365450,Hacknet,"2,000,000 .. 5,000,000"
365590,Tom Clancy’s The Division,"2,000,000 .. 5,000,000"
365670,Blender,"5,000,000 .. 10,000,000"
367500,Dragon's Dogma: Dark Arisen,"2,000,000 .. 5,000,000"
367520,Hollow Knight,"10,000,000 .. 20,000,000"
368230,Kingdom: Classic,"2,000,000 .. 5,000,000"
368260,Marvel's Midnight Suns,"2,000,000 .. 5,000,000"
368500,Assassin's Creed Syndicate,"2,000,000 .. 5,000,000"
370910,Kathy Rain,"5,000,000 .. 10,000,000"
372000,Tree of Savior (English Ver.),"2,000,000 .. 5,000,000"
373420,Divinity: Original Sin - Enhanced Edition,"1,000,000 .. 2,000,000"
374040,Portal Knights,"1,000,000 .. 2,000,000"
374320,DARK SOULS III,"5,000,000 .. 10,000,000"
376210,The Isle,"2,000,000 .. 5,000,000"
377160,Fallout 4,"10,000,000 .. 20,000,000"
378540,The Surge,"1,000,000 .. 2,000,000"
379430,Kingdom Come: Deliverance,"2,000,000 .. 5,000,000"
379720,DOOM,"5,000,000 .. 10,000,000"
380600,Fishing Planet,"2,000,000 .. 5,000,000"
381210,Dead by Daylight,"20,000,000 .. 50,000,000"
383080,Sakura Clicker,"1,000,000 .. 2,000,000"
383150,Dead Island Definitive Edition,"1,000,000 .. 2,000,000"
383870,Firewatch,"2,000,000 .. 5,000,000"
386180,Crossout,"2,000,000 .. 5,000,000"
386360,SMITE,"10,000,000 .. 20,000,000"
386940,Ultimate Chicken Horse,"2,000,000 .. 5,000,000"
387290,Ori and the Blind Forest: Definitive Edition,"2,000,000 .. 5,000,000"
387990,Scrap Mechanic,"5,000,000 .. 10,000,000"
388410,Darksiders II Deathinitive Edition,"2,000,000 .. 5,000,000"
389430,Knight Online,"2,000,000 .. 5,000,000"
389570,Mitos.is: The Game,"2,000,000 .. 5,000,000"
389730,TEKKEN 7,"2,000,000 .. 5,000,000"
391220,Rise of the Tomb Raider,"5,000,000 .. 10,000,000"
391540,Undertale,"5,000,000 .. 10,000,000"
391720,Layers of Fear (2016),"1,000,000 .. 2,000,000"
392110,ENDLESS Space 2,"1,000,000 .. 2,000,000"
392160,X4: Foundations,"1,000,000 .. 2,000,000"
393380,Squad,"2,000,000 .. 5,000,000"
394360,Hearts of Iron IV,"5,000,000 .. 10,000,000"
394510,HELLDIVERS Dive Harder Edition,"2,000,000 .. 5,000,000"
395170,DISTRAINT: Deluxe Edition,"2,000,000 .. 5,000,000"
397540,Borderlands 3,"2,000,000 .. 5,000,000"
397900,Business Tour - Board Game with Online Multiplayer,"5,000,000 .. 10,000,000"
403640,Dishonored 2,"2,000,000 .. 5,000,000"
407530,ARK: Survival Of The Fittest,"2,000,000 .. 5,000,000"
409710,BioShock Remastered,"2,000,000 .. 5,000,000"
409720,BioShock 2 Remastered,"2,000,000 .. 5,000,000"
410320,EARTH DEFENSE FORCE 4.1 The Shadow of New Despair,"1,000,000 .. 2,000,000"
412020,Metro Exodus,"2,000,000 .. 5,000,000"
412220,DDraceNetwork,"1,000,000 .. 2,000,000"
413150,Stardew Valley,"20,000,000 .. 50,000,000"
414340,Hellblade: Senua's Sacrifice,"2,000,000 .. 5,000,000"
414700,Outlast 2,"2,000,000 .. 5,000,000"
417860,Emily is Away,"1,000,000 .. 2,000,000"
417910,Street Warriors Online,"10,000,000 .. 20,000,000"
418070,Turbo Pug,"1,000,000 .. 2,000,000"
418240,Shadow Tactics: Blades of the Shogun,"1,000,000 .. 2,000,000"
418370,Resident Evil 7 Biohazard,"2,000,000 .. 5,000,000"
418460,Rising Storm 2: Vietnam,"2,000,000 .. 5,000,000"
424280,Iron Snout,"2,000,000 .. 5,000,000"
424370,Wolcen: Lords of Mayhem,"2,000,000 .. 5,000,000"
424840,Little Nightmares,"5,000,000 .. 10,000,000"
427270,Orcs Must Die! Unchained,"1,000,000 .. 2,000,000"
427520,Factorio,"5,000,000 .. 10,000,000"
427730,Who's Your Daddy?!,"2,000,000 .. 5,000,000"
431240,Golf With Your Friends,"2,000,000 .. 5,000,000"
431960,Wallpaper Engine,"20,000,000 .. 50,000,000"
433340,Slime Rancher,"2,000,000 .. 5,000,000"
433850,Z1 Battle Royale,"10,000,000 .. 20,000,000"
434650,Lost Castle / 失落城堡,"2,000,000 .. 5,000,000"
435150,Divinity: Original Sin 2 - Definitive Edition,"5,000,000 .. 10,000,000"
436150,Governor of Poker 3,"2,000,000 .. 5,000,000"
437920,Tricky Towers,"1,000,000 .. 2,000,000"
438040,Shakes and Fidget,"1,000,000 .. 2,000,000"
438100,VRChat,"10,000,000 .. 20,000,000"
438740,Friday the 13th: The Game,"2,000,000 .. 5,000,000"
439190,Stories: The Path of Destinies,"2,000,000 .. 5,000,000"
439700,Z1 Battle Royale: Test Server,"5,000,000 .. 10,000,000"
440900,Conan Exiles,"5,000,000 .. 10,000,000"
442080,Riders of Icarus,"1,000,000 .. 2,000,000"
443110,Armored Warfare,"1,000,000 .. 2,000,000"
444090,Paladins,"10,000,000 .. 20,000,000"
444200,World of Tanks Blitz,"10,000,000 .. 20,000,000"
444640,Bloons TD Battles,"1,000,000 .. 2,000,000"
445980,Wizard of Legend,"1,000,000 .. 2,000,000"
447040,Watch_Dogs 2,"2,000,000 .. 5,000,000"
447820,Day of Infamy,"1,000,000 .. 2,000,000"
448510,Overcooked,"1,000,000 .. 2,000,000"
450390,The Lab,"1,000,000 .. 2,000,000"
453480,Shadowverse CCG,"2,000,000 .. 5,000,000"
454650,DRAGON BALL XENOVERSE 2,"2,000,000 .. 5,000,000"
457140,Oxygen Not Included,"2,000,000 .. 5,000,000"
459820,Crush Crush,"1,000,000 .. 2,000,000"
460790,Bayonetta,"1,000,000 .. 2,000,000"
460920,Steep,"1,000,000 .. 2,000,000"
460930,Tom Clancy's Ghost Recon Wildlands,"2,000,000 .. 5,000,000"
460950,Katana ZERO,"2,000,000 .. 5,000,000"
462780,Darksiders Warmastered Edition,"1,000,000 .. 2,000,000"
464920,Surviving Mars,"2,000,000 .. 5,000,000"
466240,Deceit,"5,000,000 .. 10,000,000"
466560,Northgard,"5,000,000 .. 10,000,000"
470220,UNO,"2,000,000 .. 5,000,000"
471710,Rec Room,"2,000,000 .. 5,000,000"
474960,Quantum Break,"1,000,000 .. 2,000,000"
475150,Titan Quest Anniversary Edition,"2,000,000 .. 5,000,000"
475550,Beholder,"1,000,000 .. 2,000,000"
476480,Heaven Forest - VR MMO,"1,000,000 .. 2,000,000"
476600,Call of Duty: WWII,"1,000,000 .. 2,000,000"
477160,Human Fall Flat,"10,000,000 .. 20,000,000"
480490,Prey,"1,000,000 .. 2,000,000"
482730,Football Manager 2017,"2,000,000 .. 5,000,000"
485510,Nioh: Complete Edition,"2,000,000 .. 5,000,000"
488790,South Park: The Fractured But Whole,"1,000,000 .. 2,000,000"
489520,Minion Masters,"5,000,000 .. 10,000,000"
489830,The Elder Scrolls V: Skyrim Special Edition,"5,000,000 .. 10,000,000"
490220,Prismata,"1,000,000 .. 2,000,000"
491950,Orwell: Keeping an Eye On You,"1,000,000 .. 2,000,000"
492720,Tropico 6,"1,000,000 .. 2,000,000"
493340,Planet Coaster,"2,000,000 .. 5,000,000"
493520,GTFO,"1,000,000 .. 2,000,000"
495420,State of Decay 2: Juggernaut Edition,"2,000,000 .. 5,000,000"
502500,ACE COMBAT 7: SKIES UNKNOWN,"2,000,000 .. 5,000,000"
504230,Celeste,"2,000,000 .. 5,000,000"
504370,Battlerite,"2,000,000 .. 5,000,000"
506540,Last Man Standing,"2,000,000 .. 5,000,000"
508440,Totally Accurate Battle Simulator,"2,000,000 .. 5,000,000"
509980,BIGFOOT,"1,000,000 .. 2,000,000"
510840,Evolvation,"1,000,000 .. 2,000,000"
511470,Glass Masquerade,"1,000,000 .. 2,000,000"
513710,SCUM,"5,000,000 .. 10,000,000"
515690,Warriors of Vilvatikta,"1,000,000 .. 2,000,000"
516750,My Summer Car,"2,000,000 .. 5,000,000"
518790,theHunter: Call of the Wild,"5,000,000 .. 10,000,000"
519860,DUSK,"1,000,000 .. 2,000,000"
524220,NieR:Automata,"2,000,000 .. 5,000,000"
526870,Satisfactory,"5,000,000 .. 10,000,000"
527230,For The King,"2,000,000 .. 5,000,000"
527430,"Warhammer 40,000: Inquisitor - Martyr","1,000,000 .. 2,000,000"
529340,Victoria 3,"1,000,000 .. 2,000,000"
530700,Argo,"2,000,000 .. 5,000,000"
532210,Life is Strange 2,"10,000,000 .. 20,000,000"
534380,Dying Light 2 Stay Human: Reloaded Edition,"5,000,000 .. 10,000,000"
535930,Two Point Hospital,"1,000,000 .. 2,000,000"
537180,Digimon Masters Online,"1,000,000 .. 2,000,000"
544730,Catan Universe,"1,000,000 .. 2,000,000"
544750,SOULCALIBUR VI,"1,000,000 .. 2,000,000"
544810,KARDS - The WWII Card Game,"2,000,000 .. 5,000,000"
546560,Half-Life: Alyx,"2,000,000 .. 5,000,000"
548430,Deep Rock Galactic,"5,000,000 .. 10,000,000"
550650,Black Squad,"10,000,000 .. 20,000,000"
550900,Metin2,"2,000,000 .. 5,000,000"
552100,Brick Rigs,"1,000,000 .. 2,000,000"
552500,Warhammer: Vermintide 2,"5,000,000 .. 10,000,000"
552520,Far Cry 5,"2,000,000 .. 5,000,000"
552990,World of Warships,"10,000,000 .. 20,000,000"
553850,HELLDIVERS 2,"20,000,000 .. 50,000,000"
554620,Life is Strange: Before the Storm,"2,000,000 .. 5,000,000"
555570,Infestation: The New Z,"5,000,000 .. 10,000,000"
560130,Pillars of Eternity II: Deadfire,"1,000,000 .. 2,000,000"
563560,Alien Swarm: Reactive Drop,"2,000,000 .. 5,000,000"
568220,Lobotomy Corporation | Monster Management Simulation,"1,000,000 .. 2,000,000"
569480,Kingdoms and Castles,"1,000,000 .. 2,000,000"
570940,DARK SOULS: REMASTERED,"2,000,000 .. 5,000,000"
578080,PUBG: BATTLEGROUNDS,"100,000,000 .. 200,000,000"
578310,BRAIN / OUT,"2,000,000 .. 5,000,000"
581320,Insurgency: Sandstorm,"2,000,000 .. 5,000,000"
582010,Monster Hunter: World,"10,000,000 .. 20,000,000"
582160,Assassin's Creed Origins,"2,000,000 .. 5,000,000"
582500,We Were Here,"1,000,000 .. 2,000,000"
582660,Black Desert,"5,000,000 .. 10,000,000"
583950,Artifact,"1,000,000 .. 2,000,000"
585690,Minimalism,"2,000,000 .. 5,000,000"
588430,Fallout Shelter,"5,000,000 .. 10,000,000"
588650,Dead Cells,"5,000,000 .. 10,000,000"
590380,Into the Breach,"1,000,000 .. 2,000,000"
594570,Total War: WARHAMMER II,"5,000,000 .. 10,000,000"
594650,Hunt: Showdown 1896,"10,000,000 .. 20,000,000"
599140,Graveyard Keeper,"1,000,000 .. 2,000,000"
601150,Devil May Cry 5,"5,000,000 .. 10,000,000"
601430,The Evil Within 2,"1,000,000 .. 2,000,000"
601510,Yu-Gi-Oh! Duel Links,"2,000,000 .. 5,000,000"
602960,Barotrauma,"1,000,000 .. 2,000,000"
603850,Age of History II,"1,000,000 .. 2,000,000"
606150,Moonlighter,"2,000,000 .. 5,000,000"
606280,Darksiders III,"1,000,000 .. 2,000,000"
611500,Quake Champions,"2,000,000 .. 5,000,000"
612880,Wolfenstein II: The New Colossus,"1,000,000 .. 2,000,000"
613010,Secret in Story,"1,000,000 .. 2,000,000"
613100,House Flipper,"2,000,000 .. 5,000,000"
617290,Remnant: From the Ashes,"2,000,000 .. 5,000,000"
620980,Beat Saber,"2,000,000 .. 5,000,000"
621060,PC Building Simulator,"1,000,000 .. 2,000,000"
622650,Bendy and the Ink Machine,"1,000,000 .. 2,000,000"
629520,Soundpad,"2,000,000 .. 5,000,000"
629730,Blade and Sorcery,"1,000,000 .. 2,000,000"
629760,MORDHAU,"5,000,000 .. 10,000,000"
630100,SoulWorker - Anime Action MMO,"2,000,000 .. 5,000,000"
632360,Risk of Rain 2,"5,000,000 .. 10,000,000"
632470,Disco Elysium - The Final Cut,"2,000,000 .. 5,000,000"
633230,NARUTO TO BORUTO: SHINOBI STRIKER,"1,000,000 .. 2,000,000"
635260,CarX Drift Racing Online,"1,000,000 .. 2,000,000"
636480,Ravenfield,"1,000,000 .. 2,000,000"
637090,BATTLETECH,"1,000,000 .. 2,000,000"
637650,FINAL FANTASY XV WINDOWS EDITION,"2,000,000 .. 5,000,000"
638070,Murderous Pursuits,"1,000,000 .. 2,000,000"
638970,Yakuza 0,"1,000,000 .. 2,000,000"
640820,Pathfinder: Kingmaker — Enhanced Plus Edition,"1,000,000 .. 2,000,000"
641990,The Escapists 2,"2,000,000 .. 5,000,000"
644560,Mirror,"2,000,000 .. 5,000,000"
644930,They Are Billions,"2,000,000 .. 5,000,000"
645630,Car Mechanic Simulator 2018,"2,000,000 .. 5,000,000"
646570,Slay the Spire,"5,000,000 .. 10,000,000"
646910,The Crew 2,"2,000,000 .. 5,000,000"
648350,Jurassic World Evolution,"2,000,000 .. 5,000,000"
648800,Raft,"10,000,000 .. 20,000,000"
657200,Hand Simulator,"1,000,000 .. 2,000,000"
671860,BattleBit Remastered,"2,000,000 .. 5,000,000"
673130,AMID EVIL,"1,000,000 .. 2,000,000"
673950,Farm Together,"1,000,000 .. 2,000,000"
674020,World War 3,"1,000,000 .. 2,000,000"
674940,Stick Fight: The Game,"2,000,000 .. 5,000,000"
675010,MudRunner,"1,000,000 .. 2,000,000"
677620,Splitgate: Arena Warfare,"5,000,000 .. 10,000,000"
678950,DRAGON BALL FighterZ,"2,000,000 .. 5,000,000"
678960,CODE VEIN,"1,000,000 .. 2,000,000"
680420,OUTRIDERS,"2,000,000 .. 5,000,000"
681660,Bless Online,"1,000,000 .. 2,000,000"
683320,GRIS,"1,000,000 .. 2,000,000"
686810,Hell Let Loose,"2,000,000 .. 5,000,000"
690790,DiRT Rally 2.0,"1,000,000 .. 2,000,000"
692850,Bloodstained: Ritual of the Night,"1,000,000 .. 2,000,000"
698780,Doki Doki Literature Club!,"5,000,000 .. 10,000,000"
699130,World War Z,"1,000,000 .. 2,000,000"
700330,SCP: Secret Laboratory,"5,000,000 .. 10,000,000"
701160,Kingdom Two Crowns,"1,000,000 .. 2,000,000"
703080,Planet Zoo,"2,000,000 .. 5,000,000"
704270,Generation Zero,"1,000,000 .. 2,000,000"
704850,Thief Simulator,"1,000,000 .. 2,000,000"
706990,BLOCKPOST,"1,000,000 .. 2,000,000"
723780,Modern Combat Versus,"1,000,000 .. 2,000,000"
728880,Overcooked! 2,"2,000,000 .. 5,000,000"
736220,Squad 44,"1,000,000 .. 2,000,000"
736590,Operation: Harsh Doorstop,"2,000,000 .. 5,000,000"
738060,Freddy Fazbear's Pizzeria Simulator,"2,000,000 .. 5,000,000"
739630,Phasmophobia,"10,000,000 .. 20,000,000"
740130,Tales of Arise,"2,000,000 .. 5,000,000"
744900,Dead Frontier 2,"2,000,000 .. 5,000,000"
747660,Five Nights at Freddy's: Security Breach,"1,000,000 .. 2,000,000"
750920,Shadow of the Tomb Raider: Definitive Edition,"2,000,000 .. 5,000,000"
752590,A Plague Tale: Innocence,"1,000,000 .. 2,000,000"
753640,Outer Wilds,"1,000,000 .. 2,000,000"
755790,Ring of Elysium,"10,000,000 .. 20,000,000"
761890,Albion Online,"2,000,000 .. 5,000,000"
766570,Russian Fishing 4,"5,000,000 .. 10,000,000"
767560,War Robots,"2,000,000 .. 5,000,000"
774171,Muse Dash,"2,000,000 .. 5,000,000"
774361,Blasphemous,"1,000,000 .. 2,000,000"
774861,Project Winter,"1,000,000 .. 2,000,000"
779340,Total War: THREE KINGDOMS,"5,000,000 .. 10,000,000"
782330,DOOM Eternal,"5,000,000 .. 10,000,000"
783770,Ironsight,"2,000,000 .. 5,000,000"
787860,Farming Simulator 19,"2,000,000 .. 5,000,000"
788100,Neon Abyss,"2,000,000 .. 5,000,000"
805550,Assetto Corsa Competizione,"1,000,000 .. 2,000,000"
809960,Radical Heights,"1,000,000 .. 2,000,000"
812140,Assassin's Creed Odyssey,"5,000,000 .. 10,000,000"
813780,Age of Empires II: Definitive Edition,"2,000,000 .. 5,000,000"
813820,Realm Royale,"5,000,000 .. 10,000,000"
814380,Sekiro: Shadows Die Twice - GOTY Edition,"5,000,000 .. 10,000,000"
815370,Green Hell,"2,000,000 .. 5,000,000"
823130,Totally Accurate Battlegrounds,"2,000,000 .. 5,000,000"
823500,BONEWORKS,"1,000,000 .. 2,000,000"
834910,ATLAS,"1,000,000 .. 2,000,000"
837470,Untitled Goose Game,"1,000,000 .. 2,000,000"
838350,太吾绘卷 The Scroll Of Taiwu,"2,000,000 .. 5,000,000"
841370,NBA 2K19,"2,000,000 .. 5,000,000"
843380,Super Animal Royale,"1,000,000 .. 2,000,000"
844870,KurtzPel,"5,000,000 .. 10,000,000"
845070,The Awesome Adventures of Captain Spirit,"2,000,000 .. 5,000,000"
848450,Subnautica: Below Zero,"2,000,000 .. 5,000,000"
851850,DRAGON BALL Z: KAKAROT,"1,000,000 .. 2,000,000"
858820,Tribes of Midgard,"2,000,000 .. 5,000,000"
863550,HITMAN 2,"5,000,000 .. 10,000,000"
868270,The Cycle,"5,000,000 .. 10,000,000"
870780,Control Ultimate Edition,"1,000,000 .. 2,000,000"
871720,Ultimate Custom Night,"2,000,000 .. 5,000,000"
872790,Football Manager 2019,"1,000,000 .. 2,000,000"
880940,Pummel Party,"2,000,000 .. 5,000,000"
881020,Granblue Fantasy: Relink,"2,000,000 .. 5,000,000"
881100,Noita,"2,000,000 .. 5,000,000"
883710,Resident Evil 2,"5,000,000 .. 10,000,000"
884660,CRSED: F.O.A.D.,"2,000,000 .. 5,000,000"
892970,Valheim,"20,000,000 .. 50,000,000"
893520,Creative Destruction,"2,000,000 .. 5,000,000"
899770,Last Epoch,"20,000,000 .. 50,000,000"
900883,The Elder Scrolls IV: Oblivion Game of the Year Edition Deluxe,"2,000,000 .. 5,000,000"
901583,Grand Theft Auto IV: Complete Edition,"20,000,000 .. 50,000,000"
905370,Conqueror's Blade,"2,000,000 .. 5,000,000"
918570,Century: Age of Ashes,"2,000,000 .. 5,000,000"
920210,LEGO Star Wars: The Skywalker Saga,"1,000,000 .. 2,000,000"
921060,Modern Combat 5,"1,000,000 .. 2,000,000"
921630,音灵 INVAXION,"1,000,000 .. 2,000,000"
924970,Back 4 Blood,"1,000,000 .. 2,000,000"
933110,Age of Empires III: Definitive Edition,"1,000,000 .. 2,000,000"
939960,Far Cry New Dawn,"1,000,000 .. 2,000,000"
942970,Unheard - Voices of Crime,"1,000,000 .. 2,000,000"
945360,Among Us,"20,000,000 .. 50,000,000"
949230,Cities: Skylines II,"2,000,000 .. 5,000,000"
952060,Resident Evil 3,"2,000,000 .. 5,000,000"
955050,Bright Memory,"1,000,000 .. 2,000,000"
960090,Bloons TD 6,"2,000,000 .. 5,000,000"
961200,Predecessor,"1,000,000 .. 2,000,000"
962130,Grounded,"2,000,000 .. 5,000,000"
967050,Pacify,"2,000,000 .. 5,000,000"
975370,Dwarf Fortress,"2,000,000 .. 5,000,000"
976310,Mortal Kombat 11,"2,000,000 .. 5,000,000"
976730,Halo: The Master Chief Collection,"5,000,000 .. 10,000,000"
977950,A Dance of Fire and Ice,"1,000,000 .. 2,000,000"
979690,The Ascent,"1,000,000 .. 2,000,000"
990080,Hogwarts Legacy,"10,000,000 .. 20,000,000"
992300,嗜血印 Bloody Spell,"2,000,000 .. 5,000,000"
1016920,Unrailed!,"1,000,000 .. 2,000,000"
1017180,The Long Drive,"1,000,000 .. 2,000,000"
1029690,Sniper Elite 5,"2,000,000 .. 5,000,000"
1030830,Mafia II: Definitive Edition,"1,000,000 .. 2,000,000"
1030840,Mafia: Definitive Edition,"2,000,000 .. 5,000,000"
1046930,Dota Underlords,"5,000,000 .. 10,000,000"
1049410,Superliminal,"1,000,000 .. 2,000,000"
1049590,Eternal Return: Black Survival,"5,000,000 .. 10,000,000"
1056640,Phantasy Star Online 2,"2,000,000 .. 5,000,000"
1056960,Wolfenstein: Youngblood,"2,000,000 .. 5,000,000"
1057090,Ori and the Will of the Wisps,"2,000,000 .. 5,000,000"
1057240,Crucible Beta,"2,000,000 .. 5,000,000"
1058020,"STAR WARS Battlefront (Classic, 2004)","1,000,000 .. 2,000,000"
1061910,Metal: Hellsinger,"1,000,000 .. 2,000,000"
1063730,New World: Aeternum,"50,000,000 .. 100,000,000"
1085660,Destiny 2,"20,000,000 .. 50,000,000"
1086940,Baldur's Gate 3,"20,000,000 .. 50,000,000"
1089090,ONE PIECE: PIRATE WARRIORS 4,"1,000,000 .. 2,000,000"
1089350,NBA 2K20,"5,000,000 .. 10,000,000"
1089980,The Henry Stickmin Collection,"1,000,000 .. 2,000,000"
1091500,Cyberpunk 2077,"20,000,000 .. 50,000,000"
1092790,Inscryption,"2,000,000 .. 5,000,000"
1094520,Sands of Salzaar,"1,000,000 .. 2,000,000"
1097150,Fall Guys: Ultimate Knockout,"20,000,000 .. 50,000,000"
1100600,Football Manager 2020,"5,000,000 .. 10,000,000"
1113000,Persona 4 Golden,"1,000,000 .. 2,000,000"
1116170,CyberCorp,"2,000,000 .. 5,000,000"
1118200,People Playground,"5,000,000 .. 10,000,000"
1128810,RISK: Global Domination,"2,000,000 .. 5,000,000"
1129580,Medieval Dynasty,"1,000,000 .. 2,000,000"
1139900,Ghostrunner,"2,000,000 .. 5,000,000"
1142710,Total War: WARHAMMER III,"2,000,000 .. 5,000,000"
1144200,Ready or Not,"2,000,000 .. 5,000,000"
1145350,Hades II,"2,000,000 .. 5,000,000"
1145360,Hades,"5,000,000 .. 10,000,000"
1147550,Not For Broadcast,"1,000,000 .. 2,000,000"
1147560,Skul: The Hero Slayer,"1,000,000 .. 2,000,000"
1150690,OMORI,"1,000,000 .. 2,000,000"
1151340,Fallout 76,"5,000,000 .. 10,000,000"
1151640,Horizon Zero Dawn Complete Edition,"2,000,000 .. 5,000,000"
1158310,Crusader Kings III,"2,000,000 .. 5,000,000"
1167630,Teardown,"2,000,000 .. 5,000,000"
1172380,STAR WARS Jedi: Fallen Order,"2,000,000 .. 5,000,000"
1172470,Apex Legends,"50,000,000 .. 100,000,000"
1172620,Sea of Thieves: 2024 Edition,"5,000,000 .. 10,000,000"
1174180,Red Dead Redemption 2,"10,000,000 .. 20,000,000"
1178830,Bright Memory: Infinite,"1,000,000 .. 2,000,000"
1180380,Stay Out,"1,000,000 .. 2,000,000"
1190000,Car Mechanic Simulator 2021,"1,000,000 .. 2,000,000"
1196590,Resident Evil Village,"2,000,000 .. 5,000,000"
1203220,NARAKA: BLADEPOINT,"20,000,000 .. 50,000,000"
1203620,Enshrouded,"2,000,000 .. 5,000,000"
1211020,Wobbly Life,"1,000,000 .. 2,000,000"
1213210,Command & Conquer Remastered Collection,"1,000,000 .. 2,000,000"
1217060,Gunfire Reborn,"2,000,000 .. 5,000,000"
1222140,Detroit: Become Human,"2,000,000 .. 5,000,000"
1222670,The Sims 4,"10,000,000 .. 20,000,000"
1222680,Need for Speed Heat,"2,000,000 .. 5,000,000"
1222700,A Way Out,"2,000,000 .. 5,000,000"
1225330,NBA 2K21,"2,000,000 .. 5,000,000"
1229490,ULTRAKILL,"5,000,000 .. 10,000,000"
1237950,STAR WARS Battlefront II,"1,000,000 .. 2,000,000"
1237970,Titanfall 2,"5,000,000 .. 10,000,000"
1238810,Battlefield V,"10,000,000 .. 20,000,000"
1238820,Battlefield 3,"1,000,000 .. 2,000,000"
1238840,Battlefield 1,"2,000,000 .. 5,000,000"
1238860,Battlefield 4,"1,000,000 .. 2,000,000"
1240440,Halo Infinite,"10,000,000 .. 20,000,000"
1241100,POLYGON: Multiplayer Shooter,"1,000,000 .. 2,000,000"
1245620,ELDEN RING,"20,000,000 .. 50,000,000"
1248130,Farming Simulator 22,"2,000,000 .. 5,000,000"
1250410,Microsoft Flight Simulator 40th Anniversary Edition,"2,000,000 .. 5,000,000"
1254120,Bless Unleashed,"2,000,000 .. 5,000,000"
1259420,Days Gone,"2,000,000 .. 5,000,000"
1260320,Party Animals,"2,000,000 .. 5,000,000"
1262350,SIGNALIS,"1,000,000 .. 2,000,000"
1262580,Need for Speed Payback,"1,000,000 .. 2,000,000"
1263850,Football Manager 2021,"2,000,000 .. 5,000,000"
1272080,PAYDAY 3,"2,000,000 .. 5,000,000"
1274570,DEVOUR,"2,000,000 .. 5,000,000"
1277400,Monster Hunter Stories 2: Wings of Ruin,"2,000,000 .. 5,000,000"
1282100,REMNANT II,"1,000,000 .. 2,000,000"
1282730,Loop Hero,"1,000,000 .. 2,000,000"
1284210,Guild Wars 2,"2,000,000 .. 5,000,000"
1284410,GWENT: The Witcher Card Game,"1,000,000 .. 2,000,000"
1286680,Tiny Tina's Wonderlands,"1,000,000 .. 2,000,000"
1286830,STAR WARS: The Old Republic,"5,000,000 .. 10,000,000"
1289310,Helltaker,"2,000,000 .. 5,000,000"
1290000,PowerWash Simulator,"1,000,000 .. 2,000,000"
1293830,Forza Horizon 4,"5,000,000 .. 10,000,000"
1296830,暖雪 Warm Snow,"1,000,000 .. 2,000,000"
1301720,Escape Room - Der kranke Kollege,"1,000,000 .. 2,000,000"
1304930,The Outlast Trials,"2,000,000 .. 5,000,000"
1313140,Cult of the Lamb,"2,000,000 .. 5,000,000"
1313860,EA SPORTS FIFA 21,"1,000,000 .. 2,000,000"
1326470,Sons Of The Forest,"5,000,000 .. 10,000,000"
1332010,Stray,"5,000,000 .. 10,000,000"
1343370,Old School RuneScape,"1,000,000 .. 2,000,000"
1343400,RuneScape ,"2,000,000 .. 5,000,000"
1353950,Ring of Fire: Prologue,"1,000,000 .. 2,000,000"
1361210,"Warhammer 40,000: Darktide","2,000,000 .. 5,000,000"
1363080,Manor Lords,"2,000,000 .. 5,000,000"
1364780,Street Fighter 6,"2,000,000 .. 5,000,000"
1366540,Dyson Sphere Program,"2,000,000 .. 5,000,000"
1366800,Crosshair X,"2,000,000 .. 5,000,000"
1371980,No Rest for the Wicked,"2,000,000 .. 5,000,000"
1372880,The Day Before,"2,000,000 .. 5,000,000"
1377580,Soulworker,"1,000,000 .. 2,000,000"
1380400,Saving Grace,"1,000,000 .. 2,000,000"
1384160,GUILTY GEAR -STRIVE-,"1,000,000 .. 2,000,000"
1388770,Cruelty Squad,"1,000,000 .. 2,000,000"
1399780,Spellbreak,"2,000,000 .. 5,000,000"
1404210,Red Dead Online,"1,000,000 .. 2,000,000"
1407200,World of Tanks,"5,000,000 .. 10,000,000"
1408720,Krunker,"2,000,000 .. 5,000,000"
1426210,It Takes Two,"5,000,000 .. 10,000,000"
1446780,MONSTER HUNTER RISE,"5,000,000 .. 10,000,000"
1454400,Cookie Clicker,"2,000,000 .. 5,000,000"
1466640,Road 96 ,"1,000,000 .. 2,000,000"
1466860,Age of Empires IV: Anniversary Edition,"2,000,000 .. 5,000,000"
1468810,鬼谷八荒 Tale of Immortal,"10,000,000 .. 20,000,000"
1475810,Ghostwire: Tokyo,"1,000,000 .. 2,000,000"
1476970,Legends of IdleOn - Idle MMO,"1,000,000 .. 2,000,000"
1483870,Draw & Guess,"1,000,000 .. 2,000,000"
1506830,FIFA 22,"2,000,000 .. 5,000,000"
1509960,PICO PARK,"1,000,000 .. 2,000,000"
1515950,Capcom Arcade Stadium,"2,000,000 .. 5,000,000"
1517290,Battlefield 2042,"10,000,000 .. 20,000,000"
1520470,封灵档案,"2,000,000 .. 5,000,000"
1522820,Orcs Must Die! 3,"2,000,000 .. 5,000,000"
1533390,Gorilla Tag,"1,000,000 .. 2,000,000"
1536610,OpenTTD,"1,000,000 .. 2,000,000"
1549970,Aliens: Fireteam Elite,"1,000,000 .. 2,000,000"
1551360,Forza Horizon 5,"5,000,000 .. 10,000,000"
1557740,ROUNDS,"1,000,000 .. 2,000,000"
1562430,DREDGE,"1,000,000 .. 2,000,000"
1569040,Football Manager 2022,"2,000,000 .. 5,000,000"
1593500,God of War,"5,000,000 .. 10,000,000"
1599340,Lost Ark,"50,000,000 .. 100,000,000"
1604030,V Rising,"2,000,000 .. 5,000,000"
1610430,OPG: Clan Wars,"2,000,000 .. 5,000,000"
1611910,"Warhammer 40,000: Chaos Gate - Daemonhunters","1,000,000 .. 2,000,000"
1619450,Heart of a Warrior,"2,000,000 .. 5,000,000"
1621690,Core Keeper,"1,000,000 .. 2,000,000"
1623730,Palworld,"50,000,000 .. 100,000,000"
1627140,Sabre Team,"1,000,000 .. 2,000,000"
1637320,Dome Keeper,"2,000,000 .. 5,000,000"
1643320,S.T.A.L.K.E.R. 2: Heart of Chornobyl,"2,000,000 .. 5,000,000"
1659040,HITMAN World of Assassination,"1,000,000 .. 2,000,000"
1676130,Deadlink,"1,000,000 .. 2,000,000"
1677740,Stumble Guys,"2,000,000 .. 5,000,000"
1687950,Persona 5 Royal,"1,000,000 .. 2,000,000"
1716740,Starfield,"2,000,000 .. 5,000,000"
1721470,Poppy Playtime,"2,000,000 .. 5,000,000"
1755910,Capcom Arcade 2nd Stadium,"1,000,000 .. 2,000,000"
1790600,DRAGON BALL: Sparking! ZERO,"2,000,000 .. 5,000,000"
1794680,Vampire Survivors,"5,000,000 .. 10,000,000"
1811260,EA SPORTS FIFA 23,"5,000,000 .. 10,000,000"
1817070,Marvel’s Spider-Man Remastered,"2,000,000 .. 5,000,000"
1818750,MultiVersus,"5,000,000 .. 10,000,000"
1824220,Chivalry 2,"2,000,000 .. 5,000,000"
1832640,Mirror 2: Project X,"2,000,000 .. 5,000,000"
1845910,Dragon Age: The Veilguard,"2,000,000 .. 5,000,000"
1868140,DAVE THE DIVER,"2,000,000 .. 5,000,000"
1888160,ARMORED CORE VI FIRES OF RUBICON,"2,000,000 .. 5,000,000"
1904540,Football Manager 2023,"2,000,000 .. 5,000,000"
1929610,Demonologist,"1,000,000 .. 2,000,000"
1938090,Call of Duty: Modern Warfare II,"50,000,000 .. 100,000,000"
1942280,Brotato,"2,000,000 .. 5,000,000"
1943950,Escape the Backrooms,"2,000,000 .. 5,000,000"
1966720,Lethal Company,"10,000,000 .. 20,000,000"
1987080,Inside the Backrooms,"1,000,000 .. 2,000,000"
2050650,Resident Evil 4,"5,000,000 .. 10,000,000"
2054970,Dragon's Dogma 2,"2,000,000 .. 5,000,000"
2096600,Crysis 2 Remastered,"1,000,000 .. 2,000,000"
2183900,"Warhammer 40,000: Space Marine 2","5,000,000 .. 10,000,000"
2186680,"Warhammer 40,000: Rogue Trader","2,000,000 .. 5,000,000"
2195250,EA SPORTS FC 24,"5,000,000 .. 10,000,000"
2215430,Ghost of Tsushima DIRECTOR'S CUT,"1,000,000 .. 2,000,000"
2231450,Pizza Tower,"1,000,000 .. 2,000,000"
2322010,God of War Ragnarök,"2,000,000 .. 5,000,000"
2322560,Love Is All Around,"1,000,000 .. 2,000,000"
2358720,Black Myth: Wukong,"50,000,000 .. 100,000,000"
2379780,Balatro,"2,000,000 .. 5,000,000"
2399830,ARK: Survival Ascended,"2,000,000 .. 5,000,000"
2479810,Gray Zone Warfare,"2,000,000 .. 5,000,000"
2567870,Chained Together,"2,000,000 .. 5,000,000"
2670630,Supermarket Simulator,"2,000,000 .. 5,000,000"
2694490,Path of Exile 2,"5,000,000 .. 10,000,000"
2835570,Buckshot Roulette,"1,000,000 .. 2,000,000"
2881650,Content Warning,"5,000,000 .. 10,000,000"
3070070,TCG Card Shop Simulator,"1,000,000 .. 2,000,000"
3097560,Liar's Bar,"2,000,000 .. 5,000,000"
3146520,WEBFISHING,"1,000,000 .. 2,000,000"
